{"cameraMode":{"drawMode":0,"name":"Shaded","section":"Shading Mode"},"sceneLighting":false,"audioPlay":false,"sceneViewState":{"m_AlwaysRefresh":false,"showFog":true,"showSkybox":false,"showFlares":true,"showImageEffects":true,"showParticleSystems":true,"showVisualEffectGraphs":true,"m_FxEnabled":true},"in2DMode":false,"pivot":{"x":2.5299999713897707,"y":0.7799999713897705,"z":42.95000076293945},"rotation":{"x":-0.09347853064537049,"y":0.4007164239883423,"z":-0.041141800582408908,"w":-0.9104984402656555},"size":2.117565631866455,"orthographic":false}